title  ,created_at
1-todo ,2017-11-08T19:20:48+01:00
2-todo ,2017-11-08T19:20:48+01:00
3-todo ,2017-11-08T19:20:48+01:00
4-todo ,2017-11-08T19:20:48+01:00
5-todo ,2017-11-08T19:20:48+01:00
6-todo ,2017-11-08T19:20:48+01:00
7-todo ,2017-11-08T19:20:48+01:00
8-todo ,2017-11-08T19:20:48+01:00
9-todo ,2017-11-08T19:20:48+01:00
10-todo,2017-11-08T19:20:48+01:00
11-todo,2017-11-08T19:20:48+01:00
12-todo,2017-11-08T19:20:48+01:00
13-todo,2017-11-08T19:20:48+01:00
14-todo,2017-11-08T19:20:48+01:00
15-todo,2017-11-08T19:20:48+01:00
16-todo,2017-11-08T19:20:48+01:00
17-todo,2017-11-08T19:20:48+01:00
18-todo,2017-11-08T19:20:48+01:00
19-todo,2017-11-08T19:20:48+01:00
20-todo,2017-11-08T19:20:48+01:00
